{"cameraMode":{"drawMode":0,"name":"Shaded","section":"Shading Mode"},"sceneLighting":true,"audioPlay":false,"sceneViewState":{"showFog":true,"showMaterialUpdate":false,"showSkybox":true,"showFlares":true,"showImageEffects":true,"showParticleSystems":true},"in2DMode":false,"pivot":{"x":71.97900390625,"y":-97.77322387695313,"z":900.0},"rotation":{"x":-0.051246557384729388,"y":-0.039841022342443469,"z":0.0020502153784036638,"w":-0.997900664806366},"size":268.6005554199219,"orthographic":false}